"Store Name","Product Name",Vendor,UPI,"Product Category","Product Main Image URL","Primary Licensor"
"Shop aKDPhi","Khaki Diamond Hat","Shop aKDPhi",UPI26061847886,"Headwear > Billed hats",https://cdn.shopify.com/s/files/1/0755/0412/4148/files/AKDP250037VC300AKHAKI_1.jpg?v=1749238217,"ALPHA KAPPA DELTA PHI"
"Shop aKDPhi","Tri Heart Hat","Shop aKDPhi",UPI260618006810,"Headwear > Billed hats",https://cdn.shopify.com/s/files/1/0755/0412/4148/files/AKDP250036VC300ALAVENDER.jpg?v=1749238707,"ALPHA KAPPA DELTA PHI"
"Shop aKDPhi","Script Hat","Shop aKDPhi",UPI26061835568,"Headwear > Billed hats",https://cdn.shopify.com/s/files/1/0755/0412/4148/files/AKDP250035VC300AWHITE.jpg?v=1749239348,"ALPHA KAPPA DELTA PHI"
"Shop aKDPhi","Vertical Tote","DZ Dezigns",UPI260618338012,"Bags > Tote bags",https://cdn.shopify.com/s/files/1/0755/0412/4148/files/AKDP250034Q800NATURAL.jpg?v=1749239566,"ALPHA KAPPA DELTA PHI"
"Shop aKDPhi","Diamond Tote Bag","Shop aKDPhi",UPI26061849007,"Bags > Tote bags",https://cdn.shopify.com/s/files/1/0755/0412/4148/files/AKDP250033Q800BLACK.jpg?v=1749239771,"ALPHA KAPPA DELTA PHI"
"Shop aKDPhi","Classic Tote","Shop aKDPhi",UPI26061853485,"Bags > Tote bags",https://cdn.shopify.com/s/files/1/0755/0412/4148/files/AKDP250032Q800PURPLE.jpg?v=1749239939,"ALPHA KAPPA DELTA PHI"
"Shop aKDPhi","Tri Heart Tote","Shop aKDPhi",UPI260618008410,"Bags > Tote bags",https://cdn.shopify.com/s/files/1/0755/0412/4148/files/AKDP250031Q800WHITE.jpg?v=1749240107,"ALPHA KAPPA DELTA PHI"
"Shop aKDPhi","Purple Bow Crop Tank","Shop aKDPhi",UPI26061880365,"Shirts > Tank tops",https://cdn.shopify.com/s/files/1/0755/0412/4148/files/AKDP2500301013WHITE.jpg?v=1749240237,"ALPHA KAPPA DELTA PHI"
"Shop aKDPhi","Jogger Shorts","Shop aKDPhi",UPI260618955610,"Apparel > Shorts",https://cdn.shopify.com/s/files/1/0755/0412/4148/files/AKDP250029TD062BLACK.jpg?v=1749240493,"ALPHA KAPPA DELTA PHI"
"Shop aKDPhi","Cropped Maria Hoodie","Shop aKDPhi",UPI26061834929,"Sweatshirts > Hooded sweatshirts",https://cdn.shopify.com/s/files/1/0755/0412/4148/files/AKDP250028TD085BLACK.jpg?v=1749240817,"ALPHA KAPPA DELTA PHI"
"Shop aKDPhi","Since 1990 Hoodie","Shop aKDPhi",UPI26061852846,"Sweatshirts > Hooded sweatshirts",https://cdn.shopify.com/s/files/1/0755/0412/4148/files/AKDP25002718000ASHFRONT.jpg?v=1749241238,"ALPHA KAPPA DELTA PHI"
"Shop aKDPhi","aKDPhi Star Hoodie","Shop aKDPhi",UPI26061882446,"Sweatshirts > Hooded sweatshirts",https://cdn.shopify.com/s/files/1/0755/0412/4148/files/AKDP25002618500ORCHIDBACK.jpg?v=1749242033,"ALPHA KAPPA DELTA PHI"
"Shop aKDPhi","3-Peat Crop Tee","Shop aKDPhi",UPI26061869964,"Shirts > Short sleeve t-shirts",https://cdn.shopify.com/s/files/1/0755/0412/4148/files/AKDP2500251010BLACK.jpg?v=1749242199,"ALPHA KAPPA DELTA PHI"
"Shop aKDPhi","Key Heart Hoodie","Shop aKDPhi",UPI26061840525,"Sweatshirts > Hooded sweatshirts",https://cdn.shopify.com/s/files/1/0755/0412/4148/files/AKDP25002418500PURPLEFRONT.jpg?v=1749242411,"ALPHA KAPPA DELTA PHI"
"Shop aKDPhi","Bonnie Crewneck","Shop aKDPhi",UPI26061811086,"Sweatshirts > Crewneck sweatshirts",https://cdn.shopify.com/s/files/1/0755/0412/4148/files/AKDP25002318000SAND.jpg?v=1749242570,"ALPHA KAPPA DELTA PHI"
"Shop aKDPhi","Tri Heart Tee","Shop aKDPhi",UPI26061824524,"Shirts > Short sleeve t-shirts",https://cdn.shopify.com/s/files/1/0755/0412/4148/files/AKDP2500221717ORCHID.jpg?v=1749243032,"ALPHA KAPPA DELTA PHI"
"Shop aKDPhi","Convex Tee","Shop aKDPhi",UPI26061816526,"Shirts > Short sleeve t-shirts",https://cdn.shopify.com/s/files/1/0755/0412/4148/files/AKDP2500211717WHITE.jpg?v=1749243199,"ALPHA KAPPA DELTA PHI"
"Shop aKDPhi","Classic Crewneck","Shop aKDPhi",UPI26061885327,"Sweatshirts > Crewneck sweatshirts",https://cdn.shopify.com/s/files/1/0755/0412/4148/files/AKDP25002018000WHITE.jpg?v=1749243356,"ALPHA KAPPA DELTA PHI"
"Shop aKDPhi","Classic Crewneck","Shop aKDPhi",UPI26061845165,"Sweatshirts > Crewneck sweatshirts",https://cdn.shopify.com/s/files/1/0755/0412/4148/files/AKDP25002018000PURPLE.jpg?v=1749243509,"ALPHA KAPPA DELTA PHI"
"Shop aKDPhi","Grape Flower Tee","Shop aKDPhi",UPI26061880044,"Shirts > Short sleeve t-shirts",https://cdn.shopify.com/s/files/1/0755/0412/4148/files/AKDP2500191717GRAPE.jpg?v=1749243684,"ALPHA KAPPA DELTA PHI"
"Shop aKDPhi","Be Bold Crewneck","Shop aKDPhi",UPI260618765210,"Sweatshirts > Crewneck sweatshirts",https://cdn.shopify.com/s/files/1/0755/0412/4148/files/AKDP25001818000ASH.jpg?v=1749243867,"ALPHA KAPPA DELTA PHI"
"Shop aKDPhi","Purple Pullover","Shop aKDPhi",UPI26061844526,"Outerwear > Jackets",https://cdn.shopify.com/s/files/1/0755/0412/4148/files/AKDP2500179905PURPLE.jpg?v=1749244399,"ALPHA KAPPA DELTA PHI"
"Shop aKDPhi","Purple V-Neck","Shop aKDPhi",UPI26061819565,"Shirts > Short sleeve t-shirts",https://cdn.shopify.com/s/files/1/0755/0412/4148/files/AKDP2500166405PURPLE.jpg?v=1749244663,"ALPHA KAPPA DELTA PHI"
"Shop aKDPhi","Classic Hoodie","Shop aKDPhi",UPI26061857967,"Sweatshirts > Hooded sweatshirts",https://cdn.shopify.com/s/files/1/0755/0412/4148/files/AKDP25001518500WHITEfront.jpg?v=1749244822,"ALPHA KAPPA DELTA PHI"
"Shop aKDPhi","Ivory Diamond Tee","Shop aKDPhi",UPI260618901210,"Shirts > Short sleeve t-shirts",https://cdn.shopify.com/s/files/1/0755/0412/4148/files/AKDP2500141717IVORY.jpg?v=1749245207,"ALPHA KAPPA DELTA PHI"
"Shop aKDPhi","Script Crewneck","Shop aKDPhi",UPI26061833005,"Sweatshirts > Crewneck sweatshirts",https://cdn.shopify.com/s/files/1/0755/0412/4148/files/AKDP25001318000WHITE.jpg?v=1749245294,"ALPHA KAPPA DELTA PHI"
"Shop aKDPhi","Diamond Sticker","Shop aKDPhi",UPI260618098013,"Promotional > Stickers",https://cdn.shopify.com/s/files/1/0755/0412/4148/files/AKDP250012STICKER.jpg?v=1749245455,"ALPHA KAPPA DELTA PHI"
"Shop aKDPhi","1990 Sticker","Shop aKDPhi",UPI26061897324,"Promotional > Stickers",https://cdn.shopify.com/s/files/1/0755/0412/4148/files/AKDP250011STICKER.jpg?v=1749245638,"ALPHA KAPPA DELTA PHI"
"Shop aKDPhi",Sweatpants,"Shop aKDPhi",UPI26061878605,"Apparel > Shorts",https://cdn.shopify.com/s/files/1/0755/0412/4148/files/AKDP250010973MRASH.jpg?v=1749245795,"ALPHA KAPPA DELTA PHI"
"Shop aKDPhi","Diamond Hoodie","Shop aKDPhi",UPI26061800043,"Sweatshirts > Hooded sweatshirts",https://cdn.shopify.com/s/files/1/0755/0412/4148/files/AKDP250009996MRASHfront.jpg?v=1749246064,"ALPHA KAPPA DELTA PHI"
"Shop aKDPhi","Classic Plum Hoodie","Shop aKDPhi",UPI26061898288,"Sweatshirts > Hooded sweatshirts",https://cdn.shopify.com/s/files/1/0755/0412/4148/files/AKDP250008SS4500PLUMback.jpg?v=1749246486,"ALPHA KAPPA DELTA PHI"
"Shop aKDPhi","Purple Letter Hat","Shop aKDPhi",UPI26061836688,"Headwear > Billed hats",https://cdn.shopify.com/s/files/1/0755/0412/4148/files/AKDP250007VC300APURPLE.jpg?v=1749246636,"ALPHA KAPPA DELTA PHI"
"Shop aKDPhi","Classic Tee","Shop aKDPhi",UPI26061841167,"Shirts > Short sleeve t-shirts",https://cdn.shopify.com/s/files/1/0755/0412/4148/files/AKDP2500061717GRAPE.jpg?v=1749246776,"ALPHA KAPPA DELTA PHI"
"Shop aKDPhi","Alpha Kappa Delta Phi","Shop aKDPhi",UPI26061819887,"Sweatshirts > Crewneck sweatshirts",https://cdn.shopify.com/s/files/1/0755/0412/4148/files/AKDP25000518000PURPLE.jpg?v=1749247644,"ALPHA KAPPA DELTA PHI"
"Shop aKDPhi","1990 Ivory Tee","Shop aKDPhi",UPI26061885968,"Shirts > Short sleeve t-shirts",https://cdn.shopify.com/s/files/1/0755/0412/4148/files/AKDP2500041717IVORY.jpg?v=1749247798,"ALPHA KAPPA DELTA PHI"
"Shop aKDPhi","Script Crop Tee","Shop aKDPhi",UPI26061824366,"Shirts > Short sleeve t-shirts",https://cdn.shopify.com/s/files/1/0755/0412/4148/files/AKDP2500031010WHITE.jpg?v=1749247909,"ALPHA KAPPA DELTA PHI"
"Shop aKDPhi","Bella Shorts","DZ Dezigns",UPI26061894925,"Apparel > Shorts",https://cdn.shopify.com/s/files/1/0755/0412/4148/files/AKDP250002BELLA3787TAN.jpg?v=1749248320,"ALPHA KAPPA DELTA PHI"
"Shop aKDPhi","Bella Crewneck","Shop aKDPhi",UPI26061805644,"Sweatshirts > Crewneck sweatshirts",https://cdn.shopify.com/s/files/1/0755/0412/4148/files/AKDP250001BELLA3945.jpg?v=1749248474,"ALPHA KAPPA DELTA PHI"
"Shop aKDPhi",test,"Shop aKDPhi",UPI26061865804,"Promotional > Tokens",,"ALPHA KAPPA DELTA PHI"
"Shop aKDPhi","Alpha Kappa Delta Phi Bow Knitted crew neck sweater","Shop aKDPhi",UPI260618971612,"Apparel > Sweaters",https://cdn.shopify.com/s/files/1/0755/0412/4148/files/Front.jpg?v=1759417181,"ALPHA KAPPA DELTA PHI"
"Shop aKDPhi","Lucky To Be Hoodie","Shop aKDPhi",UPI26061884689,"Sweatshirts > Hooded sweatshirts",https://cdn.shopify.com/s/files/1/0755/0412/4148/files/AKDP25010118500ORCHIDback_10a13166-d4b4-4608-84f9-01ca40ad81ee.jpg?v=1763834761,"ALPHA KAPPA DELTA PHI"
"Shop aKDPhi","Unique Crewneck","Shop aKDPhi",UPI26061849008,"Sweatshirts > Crewneck sweatshirts",https://cdn.shopify.com/s/files/1/0755/0412/4148/files/AKDP25010218000WHITEback_94bba39b-b593-4a0c-b995-de958f04b9dc.jpg?v=1763834788,"ALPHA KAPPA DELTA PHI"
"Shop aKDPhi","Flutter Tee","Shop aKDPhi",UPI26061853486,"Shirts > Short sleeve t-shirts",https://cdn.shopify.com/s/files/1/0755/0412/4148/files/AKDP2501031717IVORY_627909ad-3580-4843-9e5d-fb128765ecba.jpg?v=1763834812,"ALPHA KAPPA DELTA PHI"
"Shop aKDPhi","Graphic Crop Tee","Shop aKDPhi",UPI26061813325,"Shirts > Short sleeve t-shirts",https://cdn.shopify.com/s/files/1/0755/0412/4148/files/AKDP2501041010SOLIDWHITEBLEND.jpg?v=1763834837,"ALPHA KAPPA DELTA PHI"
"Shop aKDPhi","Friendship Crop Tee","Shop aKDPhi",UPI26061828525,"Shirts > Short sleeve t-shirts",https://cdn.shopify.com/s/files/1/0755/0412/4148/files/AKDP2501051010SOLIDNATURALBLEND_e0456b30-6e14-42b4-b3b4-30c49e0cc29d.jpg?v=1763834723,"ALPHA KAPPA DELTA PHI"
"Shop aKDPhi","Ugly Knitted Sweater","SDT Boutique",UPI260618862225,"Apparel > Sweaters",https://cdn.shopify.com/s/files/1/0755/0412/4148/files/Front_6681e907-b1fb-469d-a61e-60a4bddb0e04.jpg?v=1763058402,"ALPHA KAPPA DELTA PHI"
"Shop aKDPhi","Noir Crewneck","Shop aKDPhi",UPI26061868205,"Sweatshirts > Crewneck sweatshirts",https://cdn.shopify.com/s/files/1/0755/0412/4148/files/AKDP26000118000BLACK_9bc34f03-f0de-4939-8ebb-8e049f396511.jpg?v=1779474695,"ALPHA KAPPA DELTA PHI"
"Shop aKDPhi","Cherry Crewneck","Shop aKDPhi",UPI26061806606,"Sweatshirts > Crewneck sweatshirts",https://cdn.shopify.com/s/files/1/0755/0412/4148/files/AKDP26000218000NATURAL.jpg?v=1779473294,"ALPHA KAPPA DELTA PHI"
"Shop aKDPhi","Love and Friendship Hoodie","Shop aKDPhi",UPI260618130011,"Sweatshirts > Hooded sweatshirts",https://cdn.shopify.com/s/files/1/0755/0412/4148/files/AKDP26000418500BLACKback.jpg?v=1779474042,"ALPHA KAPPA DELTA PHI"
"Shop aKDPhi","Bottom Line Ivory Tee","Shop aKDPhi",UPI26061877328,"Shirts > Short sleeve t-shirts",https://cdn.shopify.com/s/files/1/0755/0412/4148/files/AKDP2600051717IVORYback.jpg?v=1779474273,"ALPHA KAPPA DELTA PHI"
"Shop aKDPhi","aKDPhi White Hoodie","Shop aKDPhi",UPI26061820205,"Sweatshirts > Hooded sweatshirts",https://cdn.shopify.com/s/files/1/0755/0412/4148/files/AKDP26000718500WHITE.jpg?v=1779474561,"ALPHA KAPPA DELTA PHI"
"Shop aKDPhi","aKDPhi Repeat Crewneck","Shop aKDPhi",UPI260618408410,"Sweatshirts > Crewneck sweatshirts",https://cdn.shopify.com/s/files/1/0755/0412/4148/files/AKDP26000618000BLACK.jpg?v=1779475194,"ALPHA KAPPA DELTA PHI"
"Shop aKDPhi","aKDPhi Crewneck","Shop aKDPhi",UPI26061841005,"Sweatshirts > Crewneck sweatshirts",https://cdn.shopify.com/s/files/1/0755/0412/4148/files/AKDP26000818000BLACK.jpg?v=1779475954,"ALPHA KAPPA DELTA PHI"
"Shop aKDPhi","Cherry Heart Crewneck","Shop aKDPhi",UPI26061877644,"Sweatshirts > Crewneck sweatshirts",https://cdn.shopify.com/s/files/1/0755/0412/4148/files/AKDP26000918000NATURAL.jpg?v=1779476068,"ALPHA KAPPA DELTA PHI"
"Shop aKDPhi","Orchid Star Hoodie","Shop aKDPhi",UPI26061878606,"Sweatshirts > Hooded sweatshirts",https://cdn.shopify.com/s/files/1/0755/0412/4148/files/AKDP26001018500ORCHID.jpg?v=1779476249,"ALPHA KAPPA DELTA PHI"
"Shop aKDPhi","By My Side Crewneck","Shop aKDPhi",UPI26061864363,"Sweatshirts > Crewneck sweatshirts",https://cdn.shopify.com/s/files/1/0755/0412/4148/files/AKDP26001118000WHITE.jpg?v=1779476362,"ALPHA KAPPA DELTA PHI"
"Shop aKDPhi","Big Locket Crewneck","Shop aKDPhi",UPI26061843888,"Sweatshirts > Crewneck sweatshirts",https://cdn.shopify.com/s/files/1/0755/0412/4148/files/AKDP26001218000BLACK.jpg?v=1779476457,"ALPHA KAPPA DELTA PHI"
"Shop aKDPhi","Little Locket Crewneck","Shop aKDPhi",UPI26061897481,"Sweatshirts > Crewneck sweatshirts",https://cdn.shopify.com/s/files/1/0755/0412/4148/files/AKDP26001318000BLACK.jpg?v=1779476511,"ALPHA KAPPA DELTA PHI"
"Shop aKDPhi",Cardigan,"Shop aKDPhi",UPI26061839566,"Apparel > Sweaters",https://cdn.shopify.com/s/files/1/0755/0412/4148/files/AKDP260014M425BLACK.jpg?v=1779476688,"ALPHA KAPPA DELTA PHI"
"Shop aKDPhi","Graduation Stole","Shop aKDPhi",UPI2606294020,"Apparel > Stoles",https://cdn.shopify.com/s/files/1/0755/0412/4148/files/AKDPSTOLE2STOLE2.jpg?v=1782776803,"ALPHA KAPPA DELTA PHI"
