"Keyword Found","Title","Tags","Suggested Licensor"
"KAPPA","Kappa Muscle Tank","campaign_past_campaign, past_campaign_temp","Various"
"PHI","Phi Guy / Soccer shirts!","campaign_past_campaign, past_campaign_temp","Various"
"PHI","Phi Ball Triblend Racerback","campaign_past_campaign, past_campaign_temp","Various"
"PHI","Phi Ball Bro Tank","campaign_past_campaign, past_campaign_temp","Various"
"ALPHA","Alpha Breezy Crop Tank.","campaign_past_campaign, past_campaign_temp","Various"
"KAPPA","Kappa Bro Tank","campaign_past_campaign, past_campaign_temp","Various"
"RHO, GAMMA","Rho Gamma WSU Fanny Pack","campaign_past_campaign, past_campaign_temp","Various"
"RHO, GAMMA","Rho Gamma WSU Snapback","campaign_past_campaign, past_campaign_temp","Various"
"RHO, GAMMA","Rho Gamma WSU Pocket Tank","campaign_past_campaign, past_campaign_temp","Various"
"RHO, GAMMA","Rho Gamma WSU Zip-Up Hoodie","campaign_past_campaign, past_campaign_temp","Various"
"RHO, GAMMA","Rho Gamma WSU Floral Tank","campaign_past_campaign, past_campaign_temp","Various"
"KAPPA","Kappa Heart Racerback","campaign_past_campaign, past_campaign_temp","Various"
"KAPPA","Keep it Kappa Power Washed Tank","campaign_past_campaign, past_campaign_temp","Various"
"PHI","D PHI E - Syracuse Derby Days","campaign_past_campaign, past_campaign_temp","Various"
"PHI","Phi Ball Tank","campaign_past_campaign, past_campaign_temp","Various"
"PHI","Phi Ball Tank II","campaign_past_campaign, past_campaign_temp","Various"
"ALPHA, XI","Alpha Xi Leggings","campaign_past_campaign, past_campaign_temp","Various"
"SIGMA","Sigma Jam Tank","AC, campaign_past_campaign, past_campaign_temp","Various"
"ALPHA","Alpha Phifa Long Sleeve","campaign_past_campaign, past_campaign_temp","Various"
"KAPPA","Kappa Chanel Tee","campaign_past_campaign, past_campaign_temp","Various"
"KAPPA","Kappa Key Sweatpants","campaign_past_campaign, past_campaign_temp","Various"
"KAPPA","OSU ""Kappa Kristmas"" Long Sleeve","campaign_past_campaign, past_campaign_temp","Various"
"PHI","A Phi Flannels","campaign_past_campaign, past_campaign_temp","Various"
"ALPHA","Alpha Gam Boyfriend Flannel","campaign_past_campaign, past_campaign_temp","Various"
"ALPHA","Alpha Maroon Crop","campaign_past_campaign, past_campaign_temp","Various"
"ALPHA","Alpha Maroon Crop","campaign_past_campaign, past_campaign_temp","Various"
"KAPPA","Kappa Kappa Snappa Tank","campaign_past_campaign, past_campaign_temp","Various"
"DELTA","Delta Pullover","campaign_past_campaign, past_campaign_temp","Various"
"PHI, SIGMA","Phi Sigma's Boyfriend Flannel","campaign_past_campaign, past_campaign_temp","Various"
"PHI, KAPPA, PSI","Phi Kappa Psi Tank","campaign_past_campaign, past_campaign_temp","Various"
"KAPPA","Kappa Denim Jacket","campaign_past_campaign, past_campaign_temp","Various"
"KAPPA","Kappa Camelbak","campaign_past_campaign, past_campaign_temp","Various"
"ALPHA","Alpha Phifa Tank","campaign_past_campaign, past_campaign_temp","Various"
"KAPPA","Kappa Guy Spring Formal Tee","campaign_past_campaign, past_campaign_temp","Various"
"SIGMA, PI","Stay Fly With Sigma Pi Fanny","campaign_past_campaign, past_campaign_temp","Various"
"KAPPA","Kappa Just Do It Tank","campaign_past_campaign, past_campaign_temp","Various"
"ALPHA","Alpha O Lovin' TEST PRE-LAUNCH","","Various"
"KAPPA","Arizona Kappa Tank","campaign_past_campaign, past_campaign_temp","Various"
"KAPPA","Kappa Football Jersey","campaign_past_campaign, past_campaign_temp","Various"
"KAPPA","UofA Kappa Senior Shirt","campaign_past_campaign, past_campaign_temp","Various"
"XI","Get Like XI","campaign_past_campaign, past_campaign_temp","Various"
"KAPPA","LA Kappa Alumni Shirt","","Various"
"KAPPA","UCLA Kappa Spirit Tank/Halter","campaign_past_campaign, past_campaign_temp","Various"
"PHI","Phi Ball Tank","campaign_past_campaign, past_campaign_temp","Various"
"KAPPA","But First Kappa V Neck","campaign_past_campaign, past_campaign_temp","Various"
"KAPPA","But First, Kappa Tee","campaign_past_campaign, past_campaign_temp","Various"
"ALPHA","Alpha Squad Tees","campaign_past_campaign, past_campaign_temp","Various"
"SIGMA, PI","Sigma Pi Dice","campaign_past_campaign, past_campaign_temp","Various"
"ALPHA","MSU Alpha O Boyfriend Flannel","campaign_past_campaign, past_campaign_temp","Various"
"KAPPA","Kappa Boulder Flannel","campaign_past_campaign, past_campaign_temp","Various"
"SIGMA, PI, OMEGA","Sigma Pi Omega Stateline","campaign_past_campaign, Live Private","Various"
"SIGMA, PHI, OMEGA","Sigma Phi Omega Leotard","campaign_past_campaign, Live Private","Various"
"SIGMA, PHI, OMEGA","Sigma Phi Omega Flowy Hoodie","campaign_past_campaign, Live Private","Various"
"SIGMA, PHI, OMEGA","Sigma Phi Omega Boyfriend Flannel","campaign_past_campaign, Live Private","Various"
"SIGMA, PI, OMEGA","Sigma Pi Omega Crest Quarter Zip","campaign_past_campaign, Live Private","Various"
"SIGMA, PHI, OMEGA","Sigma Phi Omega Spirit Jersey","campaign_past_campaign, Live Private","Various"
"KAPPA","Kappa Athletics Tee","campaign_past_campaign, past_campaign_temp","Various"
"KAPPA","Vintage Kappa Crewneck","campaign_past_campaign, past_campaign_temp","Various"
"DELTA","Delta Idol Raglan","campaign_past_campaign, past_campaign_temp","Various"
"DELTA","Delta Idol Raglan 2","campaign_past_campaign, past_campaign_temp","Various"
"DELTA","Delta Idol Fanny Pack","campaign_past_campaign, past_campaign_temp","Various"
"SIGMA, PI","Sigma Pi Palms Long Sleeve","campaign_past_campaign, past_campaign_temp","Various"
"SIGMA, PI","ONLY Sigma Pi","campaign_past_campaign, Live Private","Various"
"KAPPA","Kappa Ringer Tee","campaign_past_campaign, past_campaign_temp","Various"
"KAPPA","Kappa Tie Dye Tank","campaign_past_campaign, past_campaign_temp","Various"
"ALPHA","Alpha Phifa V-Neck","campaign_past_campaign","Various"
"ALPHA","Alpha Phifa Tank","campaign_past_campaign","Various"
"DELTA","Delta Gama Fanny Pack","campaign_past_campaign","Various"
"SIGMA, PI","Sigma Pi Metro Boomin'","campaign_past_campaign","Various"
"PHI","Team Phi UW","campaign_past_campaign","Various"
"ALPHA","Alpha Philosophi Tank (UofA)","campaign_past_campaign","Various"
"GAMMA","U of A Gamma PhiLand Tank","campaign_past_campaign","Various"
"SIGMA, PI","Sigma Pi Champ Pocket Tee","campaign_past_campaign, private_product","Various"
"ALPHA","GA Tech Alpha Phifa Tank","campaign_past_campaign, private_product","Various"
"SIGMA, PI","Arizona State Sigma Pi Champ Shirt","campaign_past_campaign, private_product","Various"
"ALPHA","Hawaii Alpha Gam Shaka Tee","campaign_pre_order, private_product","Various"
"DELTA, UPSILON","SDSU Delta Upsilon Girls Rush Tee","campaign_past_campaign, private_product","Various"
"PHI, SIGMA, PI","Coastal Carolina Phi Sigma Pi Flannels","campaign_pre_order, private_product","Various"
"SIGMA, PI","UCSC Sigma Pi Dad's Hat","campaign_past_campaign, private_product","Various"
"DELTA, UPSILON","SDSU Delta Upsilon Collection","campaign_past_campaign, private_product","Various"
"ALPHA, KAPPA, PHI","SUNY Oneonta Alpha Kappa Phi Space Jam Long Sleeve","campaign_past_campaign, private_product","Various"
"ALPHA, KAPPA, PHI","Alpha Kappa Phi Kitty Pocket Tee","campaign_past_campaign, private_product","Various"
"SIGMA, TAU, GAMMA","Northern Arizona Sigma Tau Gamma Sweatshirts","campaign_past_campaign, private_product","Various"
"ALPHA, KAPPA, PHI","Alpha Kappa Phi Shamrock Tee","campaign_past_campaign, private_product","Various"
"SIGMA","East Carolina Sigma Tri Tour Tees","campaign_past_campaign, private_product","Various"
"ALPHA, KAPPA, PHI","Alpha Kappa Phi Sharky Tank","campaign_past_campaign, private_product","Various"
"ALPHA, KAPPA, PHI","SUNYO Alpha Kappa Phi University Halter","campaign_past_campaign, private_product","Various"
"KAPPA","Kappa Loves Gameday Tee","campaign_past_campaign, KRTR11504","Various"
"KAPPA","Kappa Trojan Tee","campaign_past_campaign, KRTR11504","Various"
"KAPPA","Kappa So Cal Crewneck Sweatshirt","KRTR11504","Various"
"PHI, PSI","SLO Phi Psi Rush Shirt","campaign_past_campaign, private_product","Various"
"XI","Kent State Xi Man Shirts","campaign_past_campaign, private_product","Various"
"ALPHA","FSU Alpha Gam Long Sleeve","campaign_past_campaign, private_product","Various"
"ALPHA, KAPPA, PHI","Alpha Kappa Phi Crewneck","campaign_past_campaign, private_product","Various"
"ALPHA, XI","Kent State Alpha Xi Vogue Tee","campaign_past_campaign, private_product","Various"
"ALPHA, KAPPA, PHI","Alpha Kappa Phi Stranger Things Tee","campaign_past_campaign, private_product","Various"
"PI","GMU Pi Kap Formal Shirt","campaign_past_campaign, private_product","Various"
"ALPHA, KAPPA, PHI","Alpha Kappa Phi Rock Crewneck Undo","campaign_past_campaign, private_product","Various"
"PI","Ball State Pi Kap Marathon Tank","campaign_past_campaign, private_product","Various"
"ALPHA","University of Washington Alpha Phear Factor Shirts","campaign_past_campaign, private_product","Various"
"DELTA","Texas Tech Kapp Delta Shirt","campaign_past_campaign, private_product","Various"
"KAPPA","Stanford Kappa Hats","campaign_past_campaign, private_product","Various"
"ALPHA, ZETA","UDel Alpha Zeta Crewneck","campaign_past_campaign, private_product","Various"
"KAPPA","Washington Kappa Prism Scoop Tee","campaign_past_campaign, private_product, Rainbow","Various"
"ALPHA, KAPPA, PHI","Saved By Alpha Kappa Phi Tie-Dye Tee","campaign_past_campaign, private_product","Various"
"KAPPA","Kappa Derby Days","campaign_past_campaign, private_product","Various"
"ZETA","Texas Christian Zeta Bid Day 2018 Ringer","campaign_past_campaign, private_product","Various"
"SIGMA","Sigma Del Sol Shirts","Apparel (Private), campaign_past_campaign, private_product","Various"
"DELTA","Delta Strong Tank","Apparel (Private), campaign_past_campaign, private_product","Various"
"ALPHA, XI","Alpha Xi Red Hot Crew","Apparel (Private), campaign_past_campaign, private_product","Various"
"ALPHA","Syracuse Alpha Gam Roses Crew","Apparel (Private), campaign_past_campaign, private_product","Various"
"KAPPA","Oregon Kappa Dad's Day Apparel","campaign_past_campaign","Various"
"CHI","Kent State Chi Factor 2018 Shirts","Apparel (Private), campaign_past_campaign, private_product","Various"
"PHI","SDSU Phi Delt Pref Tees","Apparel (Private), campaign_past_campaign, private_product","Various"
"ZETA","UNA Zeta Dad's Day Pocket Tees","Apparel (Private), campaign_past_campaign, private_product","Various"
"ALPHA","Chapman Alpha Gam Tank","Apparel (Private), campaign_past_campaign, private_product","Various"
"ALPHA","Chapman Alpha Gam Ringer","Apparel (Private), campaign_past_campaign, private_product","Various"
"ALPHA, KAPPA, PHI","Alpha Kappa Phi PR Sweatshirts","Apparel (Private), campaign_past_campaign, private_product","Various"
"CHI, PSI","Chi Psi Rush Pocket Tee","Apparel (Private), campaign_past_campaign, private_product","Various"
